FirstName,LastName,Email,Gender,UserName,DOB,PhoneNo,Country,MiddleName,NokName,NokContactNumber,NokContactEmail,PostalCode,State,StreetAddress,Password,GatewayName,GatewayMacId,GatewayNameEdit,SensorName,SensorMacId,SensorNameEdit,OrganizationEmail,OrgPrimContact,OrgSecContact,OrgName,OrgPhn,OrgPrimNumber,OrgSecNumber,StreetAddressEdit,LoginUserName
Alvinia,MacLeese,tmaker31@google.ca,female,tmaker31,2021-02-25,5846696720,Afghanistan,M,Morganica,8417908278,tmaker31@smh.com.au,56468,Ash Shāriqah,938 Ruskin Lane,Pass@123,Etheline,GatewayMacId0309,Bette-ann,Maker,SensorMacId0310,Rip,tmaker31@dion.ne.jp,Tracy,Hedvige,Yakijo,7718094449,9103436237,6901381216,2031 Meadow Valley Way,irrane1234
Ermentrude,Vardon,pbisson32@so-net.ne.jp,female,pbisson32,2022-01-16,5614915575,Albania,S,Skylar,8648004126,pbisson32@sphinn.com,354392,Abu Dhabi,63 Golf View Parkway,Pass@123,Bernadette,GatewayMacId0310,Sibel,Bisson,SensorMacId0311,Fredericka,pbisson32@senate.gov,Peder,Doria,Camido,6852066131,7137247517,6901072506,15701 Hauk Park,nstuckes2t
Oby,Dennington,davey33@linkedin.com,male,davey33,2021-09-02,8502280628,Argentina,B,Shanda,9536207695,davey33@addtoany.com,32314,Al Fujayrah,5 Delaware Lane,Pass@123,Editha,GatewayMacId0311,Poppy,Avey,SensorMacId0312,Kiel,davey33@seesaa.net,Dolph,Deirdre,Buzzdog,2367848542,9104727033,5824778733,64 4th Court,aotterwell2u
Jonathon,Yashaev,hedinburough34@dot.gov,female,hedinburough34,2021-07-17,4251484744,Argentina,S,Jessy,9177172790,hedinburough34@intel.com,140704,Abu Dhabi,966 Cody Way,Pass@123,Dolli,GatewayMacId0312,Umeko,Edinburough,SensorMacId0313,Peta,hedinburough34@blinklist.com,Hamish,Marthe,Brainlounge,6836446167,7586833833,5515787260,6 Forest Run Street,dbullimore2v
Gladys,Matevushev,jseville35@toplist.cz,male,jseville35,2020-05-19,4737579930,Argentina,L,Phil,3601400623,jseville35@booking.com,5700,Ajman,63623 Larry Place,Pass@123,Daniele,GatewayMacId0313,Guenevere,Seville,SensorMacId0314,Tallie,jseville35@guardian.co.uk,Jerry,Gipsy,Topicstorm,9992627028,3305024939,1285472115,0125 Crest Line Drive,llenham2w
Guillema,Tilt,cdrance36@nbcnews.com,male,cdrance36,2020-08-06,1832900830,Argentina,L,Bettye,6091365527,cdrance36@indiatimes.com,5700,Ash Shāriqah,4942 Manufacturers Road,Pass@123,Susie,GatewayMacId0314,Emmalynn,Drance,SensorMacId0315,Pernell,cdrance36@about.com,Constantino,Celene,Jabberbean,4533797786,5585915634,4372445392,039 Rockefeller Street,bmeth2x
Graehme,Skiggs,cwaren37@quantcast.com,male,cwaren37,2019-08-03,5405220315,Afghanistan,Y,Ula,7967282880,cwaren37@home.pl,7740,Abu Dhabi,5093 Old Gate Plaza,Pass@123,Ethelyn,GatewayMacId0315,Fenelia,Waren,SensorMacId0316,Dena,cwaren37@theglobeandmail.com,Chauncey,Flore,Youbridge,8407980171,9651608997,9304680266,7216 Fordem Road,bdumphry2y
Phyllys,Stile,jklamp38@ucoz.ru,male,jklamp38,2020-06-29,6742440353,Argentina,L,Grove,5815855181,jklamp38@ifeng.com,2601,Nhjgh,1971 Esch Pass,Pass@123,Frayda,GatewayMacId0316,Nicoline,Klamp,SensorMacId0317,Alic,jklamp38@kickstarter.com,Jozef,Maureene,Mydeo,9246083105,7342054317,5473723771,628 Mayer Alley,rbelk2z
Evelyn,Coo,jdurrell39@quantcast.com,male,jdurrell39,2020-10-18,8811042653,Afghanistan,L,Salvador,8742286632,jdurrell39@vk.com,5700,Takhār,2377 Dorton Street,Pass@123,Jobi,GatewayMacId0317,Hilliary,Durrell,SensorMacId0318,Charita,jdurrell39@salon.com,James,Nanine,Gevee,3418597019,5467062518,6851416914,6273 2nd Way,sbinford30
Basil,Jaqueme,tfritz3a@typepad.com,female,tfritz3a,2019-05-27,9199945802,Armenia,D,Philippa,4764296705,tfritz3a@barnesandnoble.com,82190,Herat,26 Miller Way,Pass@123,Melisenda,GatewayMacId0318,Alvinia,Fritz,SensorMacId0319,Travis,tfritz3a@microsoft.com,Thibaud,Annadiana,Ainyx,7888131361,8814728846,9759721263,6302 Hazelcrest Crossing,obartelli31
Farly,Bassam,ebere3b@oakley.com,male,ebere3b,2021-09-08,9157623205,Afghanistan,K,Marlo,3861214797,ebere3b@illinois.edu,3040-561,Jowzjān,3 Fair Oaks Street,Pass@123,Max,GatewayMacId0319,Willette,Bere,SensorMacId0320,Berna,ebere3b@slashdot.org,Ellwood,Celie,Tekfly,9472783023,5228993565,6739645157,58226 Corben Terrace,rjosse32
Lief,Keating,gclubbe3c@youtu.be,male,gclubbe3c,2019-09-28,9492460022,Argentina,L,Willetta,9084326192,gclubbe3c@php.net,2630,Ghowr,1 International Junction,Pass@123,Blancha,GatewayMacId0320,Vevay,Clubbe,SensorMacId0321,Beckie,gclubbe3c@weibo.com,Gordon,Farrand,Brainbox,4683200869,5581318235,1669854544,2407 Orin Lane,hbattlestone33
Hoebart,Wincom,gmathwin3d@wunderground.com,male,gmathwin3d,2019-12-02,7482683508,Argentina,S,Mycah,6863143155,gmathwin3d@xinhuanet.com,135 22,Sar-e Pol,67942 Lakeland Court,Pass@123,Heidi,GatewayMacId0321,Martelle,Mathwin,SensorMacId0322,Leia,gmathwin3d@paypal.com,Gregoor,Tisha,Eamia,2066439074,7986717634,7412207645,5 Brown Trail,rpittem34
Simone,Zannolli,wfivey3e@arstechnica.com,male,wfivey3e,2020-03-31,2142981848,Argentina,S,Bobbie,8381472001,wfivey3e@irs.gov,1290,Sar-e Pol,3180 8th Park,Pass@123,Hyacinthia,GatewayMacId0322,Dolli,Fivey,SensorMacId0323,Egor,wfivey3e@gov.uk,Waring,Raine,Topicware,4024067261,5321582559,8644271416,6970 Petterle Avenue,ppettifer35
Jason,Menault,rreavey3f@howstuffworks.com,male,rreavey3f,2021-12-29,7718264554,Armenia,W,Jamesy,2195439493,rreavey3f@google.cn,5700,Samangān,6162 Shasta Pass,Pass@123,Marleah,GatewayMacId0323,Hedda,Reavey,SensorMacId0324,Ursala,rreavey3f@nationalgeographic.com,Reagan,Aidan,Vimbo,8846236098,7341806085,7197083533,281 Daystar Court,gmaty36
,,,,,,,,,,,,,,,,,,,,,,,,,,,,,,mflippini37
,,,,,,,,,,,,,,,,,,,,,,,,,,,,,,wcheshire38
,,,,,,,,,,,,,,,,,,,,,,,,,,,,,,amungin39
,,,,,,,,,,,,,,,,,,,,,,,,,,,,,,eandriveaux3a
,,,,,,,,,,,,,,,,,,,,,,,,,,,,,,dwingeat3b
,,,,,,,,,,,,,,,,,,,,,,,,,,,,,,zgerritsma3c
,,,,,,,,,,,,,,,,,,,,,,,,,,,,,,troyal3d
Dacy,Lehemann,dlehemann3c@symantec.com,male,dlehemann3c,2020-07-26,8784851345,Afghanistan,S,Hardcastle,8844565248,kdews8x@wikimedia.org,68900-000,Benguela,38 Arrowood Plaza,Pass@123,Pediatric Pathology,zgerritsma3c,,,,,,,,,,,,,fbonnefin3e
Allianora,Warlock,awarlock3d@elpais.com,male,awarlock3d,2021-03-12,9828708279,Angola,S,Balleine,1919658175,mabsolem8y@youtube.com,7020,Bié,3 Debra Place,Pass@123,Pediatric Pulmonology,troyal3d,,,,,,,,,,,,,clarenson3f
Phip,Brosini,pbrosini3e@rambler.ru,male,pbrosini3e,2019-10-19,9888850653,Albania,W,Kornacki,8178842605,ajenkerson8z@telegraph.co.uk,9021,Huambo,556 Oak Valley Point,Pass@123,Pediatric Radiology,fbonnefin3e,,,,,,,,,,,,,eferon3g
Doy,Galier,dgalier3f@sakura.ne.jp,male,dgalier3f,2021-07-05,5483923425,Albania,Q,Sibbe,9893173583,dsyder90@odnoklassniki.ru,08-331,Benguela,086 Declaration Lane,Pass@123,Pediatric Rheumatology,clarenson3f,,,,,,,,,,,,,redser3h
Catherina,Rozzier,crozzier3g@wisc.edu,female,crozzier3g,2019-11-09,5709879161,Argentina,L,Ismay,5694605842,aply91@npr.org,48338,Bié,48 Bartelt Circle,Pass@123,Pediatric Sports Medicine,eferon3g,,,,,,,,,,,,,ndownage3i
Cyrus,Mainz,cmainz3h@mtv.com,male,cmainz3h,2020-07-18,5592283882,Argentina,E,Secretan,4837043774,blodin92@google.co.uk,9505,Bié,693 Lien Plaza,Pass@123,Pediatric Surgery,redser3h,,,,,,,,,,,,,rvoisey3j
Westleigh,Mapother,wmapother3i@europa.eu,male,wmapother3i,2020-12-05,4245024592,Albania,M,Eye,9261065565,sapark93@prnewswire.com,73201,Huíla,55 Heffernan Way,Pass@123,Pediatric Urology,ndownage3i,,,,,,,,,,,,,gmate3k
Tish,Pegrum,tpegrum3j@wikimedia.org,male,tpegrum3j,2019-06-23,2047523102,Angola,R,Weare,4605484865,aspieck94@netscape.com,7020,Huambo,143 Evergreen Alley,Pass@123,Perinatal Medicine,rvoisey3j,,,,,,,,,,,,,igruby3l
Nerita,Reddle,nreddle3k@time.com,male,nreddle3k,2020-03-16,2928773419,Argentina,T,Dyster,6487510203,sorpin95@sitemeter.com,9021,Benguela,78 Sheridan Park,Pass@123,Preventative Medicine,gmate3k,,,,,,,,,,,,,arachuig3m
Querida,Cawood,qcawood3l@tripadvisor.com,male,qcawood3l,2020-10-21,3789963598,Argentina,Y,Florentine,1706296857,stawn96@ebay.co.uk,48338,Buenos Aires,16 Duke Plaza,Pass@123,Aerospace Medicine,igruby3l,,,,,,,,,,,,,fbodill3n
Kim,Aberdein,kaberdein3m@hc360.com,male,kaberdein3m,2021-11-27,5059998871,Argentina,U,Grossier,2462883730,rgornar97@hibu.com,89759,Santa Fe,59 Butterfield Center,Pass@123,General Preventive Medicine,arachuig3m,,,,,,,,,,,,,mgotcliff3o
Kimberlee,Leah,kleah3n@wikimedia.org,female,kleah3n,2020-03-31,3297575678,Argentina,I,Whistance,1662668639,bjewitt98@ed.gov,7020,Buenos Aires F.D.,9197 Westend Avenue,Pass@123,Medical Toxicology,fbodill3n,,,,,,,,,,,,,fworcester3p
Eugen,Jell,ejell3o@vistaprint.com,male,ejell3o,2019-11-07,7948898182,Armenia,S,Ventom,5468159084,abrimm99@earthlink.net,9021,Entre Rios,35 Johnson Park,Pass@123,Occupational Medicine,mgotcliff3o,,,,,,,,,,,,,mhawford3q
Cicely,Bettanay,cbettanay3p@pagesperso-orange.fr,male,cbettanay3p,2019-08-16,2199292802,Argentina,S,Gottschalk,4747238970,ajendrach9a@guardian.co.uk,48338,Buenos Aires,955 Shopko Drive,Pass@123,Undersea Medicine,fworcester3p,,,,,,,,,,,,,jschulken3r
Glyn,Van der Mark,gvandermark3q@netvibes.com,female,gvandermark3q,2019-12-13,9885576610,Afghanistan,S,Macer,3589094534,rkarpov9b@youtu.be,3609,Buenos Aires,07 Evergreen Court,Pass@123,Psychiatry,mhawford3q,,,,,,,,,,,,,rwagen3s
Lonni,Castanone,lcastanone3r@amazon.com,female,lcastanone3r,2021-04-01,5337737907,Albania,M,Ghidini,5636474419,kwoollends9c@cisco.com,7020,Buenos Aires,8705 Hansons Court,Pass@123,Child Psychiatry,jschulken3r,,,,,,,,,,,,,ekimble3t
Henrietta,Boness,hboness3s@youtu.be,female,hboness3s,2019-10-11,2132907678,Afghanistan,L,Point,4867541174,epietersen9d@studiopress.com,9021,Misiones,734 Carey Junction,Pass@123,Forensic Psychiatry,rwagen3s,,,,,,,,,,,,,eflieger3u
Susanna,Keen,skeen3t@google.com.au,female,skeen3t,2019-07-01,8772064047,Afghanistan,O,Ainslee,2279329024,tseatter9e@tiny.cc,48338,Corrientes,1 Loftsgordon Place,Pass@123,Geriatric Psychiatry,ekimble3t,,,,,,,,,,,,,cgusticke3v
Bone,Luckcock,bluckcock3u@bbb.org,female,bluckcock3u,2019-10-20,4592633056,Argentina,P,Credland,3797708245,nsuggitt9f@mapquest.com,7020,Entre Rios,30 Anthes Terrace,Pass@123,Psychiatry,eflieger3u,,,,,,,,,,,,,nfilan3w
Rosaleen,Sheen,rsheen3v@goo.ne.jp,male,rsheen3v,2021-04-02,1346949118,Afghanistan,A,Huck,6063983304,jbrimmell9g@statcounter.com,9021,Misiones,088 Hanover Park,Pass@123,Psychoanalysis,cgusticke3v,,,,,,,,,,,,,rleversha3x
Florance,Siverns,fsiverns3w@va.gov,female,fsiverns3w,2021-08-31,4382127105,Armenia,M,Besset,7574527127,naliman9h@forbes.com,48338,Corrientes,24 Browning Lane,Pass@123,Radiology,nfilan3w,,,,,,,,,,,,,pjantot3y
Eba,Joscelyn,ejoscelyn3x@google.com,female,ejoscelyn3x,2021-01-20,2432439020,Afghanistan,S,Golbourn,2661400612,ekellogg9i@woothemes.com,763008,Corrientes,933 Lighthouse Bay Place,Pass@123,Diagnostic Radiology,rleversha3x,,,,,,,,,,,,,aambrosoli3z
Alberta,Jansson,ajansson3y@buzzfeed.com,male,ajansson3y,2019-11-10,4075709465,Afghanistan,S,O'Lagen,7491615894,qcharlotte9j@dedecms.com,9021,Santa Fe,1 Arrowood Avenue,Pass@123,Nuclear Radiology,pjantot3y,,,,,,,,,,,,,ebridel40
Orville,Hackforth,ohackforth3z@forbes.com,male,ohackforth3z,2021-07-27,1465070887,Afghanistan,S,Curcher,8685342517,aboote9k@google.co.jp,21040 CEDEX,Buenos Aires,096 Roth Circle,Pass@123,Neuroradiology,aambrosoli3z,,,,,,,,,,,,,bjedrzejczyk41
Patrica,Guymer,pguymer40@economist.com,male,pguymer40,2019-07-21,5996766958,Argentina,D,Korous,1473360128,cbartoshevich9l@state.tx.us,57810,Corrientes,54779 Bay Point,Pass@123,Pediatric Radiology,ebridel40,,,,,,,,,,,,,fbudnk42
Seymour,Gaudon,sgaudon41@edublogs.org,female,sgaudon41,2019-12-30,2049882703,Argentina,M,Whitten,7583811317,jserrurier9m@exblog.jp,9021,Buenos Aires F.D.,6 Stang Alley,Pass@123,Radiation Oncology,bjedrzejczyk41,,,,,,,,,,,,,bduggan43
Isabel,Nolleth,inolleth42@sphinn.com,male,inolleth42,2021-01-09,7788259183,Argentina,L,Rosa,3146843772,svalenssmith9n@symantec.com,6615,Chaco,4408 Kings Hill,Pass@123,Radiology,fbudnk42,,,,,,,,,,,,,srobichon44
Bearnard,Morey,bmorey43@hubpages.com,female,bmorey43,2021-06-07,7781851913,Angola,S,McKerton,4264062924,osinkins9o@aboutads.info,7020,Santa Fe,06424 Hudson Parkway,Pass@123,Vascular & Interventional Radiology,bduggan43,,,,,,,,,,,,,rbaker45
Doy,Farron,dfarron44@github.com,female,dfarron44,2021-09-23,3715076977,Argentina,F,O'Hartnedy,6661508988,shulles9p@discuz.net,9021,Buenos Aires,787 Graceland Trail,Pass@123,Surgery,srobichon44,,,,,,,,,,,,,mbrammall46
Bonita,Dignon,bdignon45@cpanel.net,male,bdignon45,2021-12-01,2868211583,Argentina,G,Boreland,6717374498,jdeathridge9q@pen.io,48338,Misiones,6 Nelson Trail,Pass@123,Abdominal Surgery,rbaker45,,,,,,,,,,,,,sbourcq47
Kelci,Cometti,kcometti46@feedburner.com,female,kcometti46,2020-05-16,6189382626,Albania,M,Pacey,6625559686,scowherd9r@163.com,9021,Misiones,619 Debra Parkway,Pass@123,Adult Orthopedic Surgery,mbrammall46,,,,,,,,,,,,,aklemt48
Kathlin,Foxall,kfoxall47@nature.com,male,kfoxall47,2020-06-07,4111718617,Afghanistan,H,Flanne,3388612920,sgozzett9s@omniture.com,216471,Misiones,946 Sugar Pass,Pass@123,Cardiovascular Surgery,sbourcq47,,,,,,,,,,,,,cscroggie49
Geoff,Beddie,gbeddie48@nasa.gov,male,gbeddie48,2020-07-14,1182433217,Armenia,S,Barus,2407002037,abalasin9t@harvard.edu,21040 CEDEX,Misiones,00 Glacier Hill Street,Pass@123,Colon & Rectal Surgery,aklemt48,,,,,,,,,,,,,cgiorgioni4a
Tripp,Kingswood,tkingswood49@tamu.edu,female,tkingswood49,2020-04-16,5486785966,Argentina,J,Winn,4115650975,idocket9u@reverbnation.com,73167,Misiones,76 Stuart Junction,Pass@123,Critical Care Neurological Surgery,cscroggie49,,,,,,,,,,,,,pfellibrand4b
Ritchie,Rodge,rrodge4a@irs.gov,male,rrodge4a,2019-09-13,2357599798,Albania,K,Storck,7018652683,nguilbert9v@wordpress.com,10270,Buenos Aires,73204 Nova Court,Pass@123,Critical Care Surgery,cgiorgioni4a,,,,,,,,,,,,,cpattie4c
Gay,Trevance,gtrevance4b@phpbb.com,male,gtrevance4b,2019-10-01,4461108541,Argentina,L,Bellerby,3738900553,vruegg9w@purevolume.com,47100-000,Formosa,1 Lindbergh Drive,Pass@123,Dermatologic Surgery,pfellibrand4b,,,,,,,,,,,,,czecchini4d
Antoine,Baldock,abaldock4c@shop-pro.jp,male,abaldock4c,2020-05-02,3596905661,Australia,Z,Tuddenham,6906973022,kdonaghy9x@whitehouse.gov,92742 CEDEX,Corrientes,2 Spenser Court,Pass@123,General Surgery,cpattie4c,,,,,,,,,,,,,kcaron4e
Goddard,Cresser,gcresser4d@google.de,female,gcresser4d,2019-10-09,3159274645,Aruba,L,Chesterfield,4382037631,bcourtonne9y@dell.com,40990,Misiones,59 Village Green Way,Pass@123,Hand Surgery,czecchini4d,,,,,,,,,,,,,nnanninini4f
Kassia,Duligal,kduligal4e@blog.com,female,kduligal4e,2019-05-30,6051088245,Albania,L,Neller,1934710860,vcustance9z@1688.com,21040 CEDEX,Buenos Aires,468 Memorial Place,Pass@123,Head & Neck Surgery,kcaron4e,,,,,,,,,,,,,fpickance4g
Melodie,Sowray,msowray4f@craigslist.org,male,msowray4f,2020-12-06,3263465294,Armenia,S,Kidder,4939546427,hmaffuccia0@gnu.org,656910,Buenos Aires,72 Superior Drive,Pass@123,Maxillofacial Surgery,nnanninini4f,,,,,,,,,,,,,djuan4h
Ashby,Witham,awitham4g@gmpg.org,female,awitham4g,2021-01-17,1435805549,Angola,X,Hallows,6902842320,dkemmisha1@discuz.net,662680,Corrientes,43 Brown Crossing,Pass@123,Neurological Surgery,fpickance4g,,,,,,,,,,,,,cluchetti4i
Pippa,Trumble,ptrumble4h@prlog.org,female,ptrumble4h,2021-02-15,3745182555,Armenia,S,Danaher,2548447721,ihammanda2@xrea.com,73167,Misiones,0 Leroy Parkway,Pass@123,Orthopedic Surgery,djuan4h,,,,,,,,,,,,,vmoultrie4j
Mari,Carnall,mcarnall4i@webnode.com,female,mcarnall4i,2021-08-16,1435573328,Angola,C,McSherry,9818630702,kredlera3@foxnews.com,10270,Buenos Aires,050 Merrick Street,Pass@123,Orthopedic Surgery & Sports Medicine,cluchetti4i,,,,,,,,,,,,,dduchan4k
Arie,Royall,aroyall4j@bluehost.com,male,aroyall4j,2020-12-13,1273269920,Albania,V,Tomkiss,1851043915,dorteauxa4@alibaba.com,32350,Corrientes,1385 Ridge Oak Pass,Pass@123,Orthopedic Trauma Surgery,vmoultrie4j,,,,,,,,,,,,,mpagan4l
Becca,Ackerman,backerman4k@zimbio.com,male,backerman4k,2019-09-29,6935858924,Argentina,B,de Amaya,8572557310,paberkirdera5@gov.uk,4445-005,Buenos Aires,4690 Lukken Road,Pass@123,Pediatric Orthopedic Surgery,dduchan4k,,,,,,,,,,,,,ecourcey4m
Brandyn,De Nisco,bdenisco4l@rediff.com,female,bdenisco4l,2021-05-11,2116926992,Afghanistan,S,Lease,3444022281,lstrothersa6@mac.com,253 01,Buenos Aires,6 Summer Ridge Trail,Pass@123,Pediatric Surgery,mpagan4l,,,,,,,,,,,,,mlygo4n
Burg,Gerriets,bgerriets4m@census.gov,male,bgerriets4m,2019-08-07,2889381491,Afghanistan,N,Canlin,7693224243,hwinscoma7@prweb.com,73167,Buenos Aires,5 Lerdahl Avenue,Pass@123,Plastic Surgery,ecourcey4m,,,,,,,,,,,,,dniblo4o
Joline,Ovendale,jovendale4n@ustream.tv,male,jovendale4n,2019-10-21,1502995408,Argentina,L,Giraux,3866387848,bdudeka8@ustream.tv,10270,Entre Rios,425 Valley Edge Avenue,Pass@123,Thoracic Surgery,mlygo4n,,,,,,,,,,,,,hsheals4p
Maggi,Messom,mmessom4o@umich.edu,male,mmessom4o,2021-05-25,9811261608,Argentina,S,Arntzen,6846323248,emongera9@shinystat.com,301649,Misiones,6 Schmedeman Lane,Pass@123,Traumatic Surgery,dniblo4o,,,,,,,,,,,,,hmateja4q
Cherida,Aldington,caldington4p@rediff.com,female,caldington4p,2020-03-12,6839895949,Armenia,M,Eastwell,6289344284,rmainzaa@networksolutions.com,73167,Entre Rios,7 Kenwood Crossing,Pass@123,Urological Surgery,hsheals4p,,,,,,,,,,,,,adormand4r
Putnem,Maleham,pmaleham4q@upenn.edu,female,pmaleham4q,2021-01-20,2548173804,Argentina,Q,Berthome,4145297689,srennoldsab@etsy.com,10270,Entre Rios,26 Grim Parkway,Pass@123,Vascular Surgery,hmateja4q,,,,,,,,,,,,,jranken4s
Modestine,Pfaff,mpfaff4r@cbsnews.com,male,mpfaff4r,2020-08-17,6796153490,Armenia,W,Pace,2239807246,vnadenac@uiuc.edu,73167,Corrientes,22 Bowman Hill,Pass@123,Urology,adormand4r,,,,,,,,,,,,,pfeechan4t
Caro,Botterell,cbotterell4s@webnode.com,male,cbotterell4s,2019-11-19,4313310399,Argentina,M,Tathacott,4749446852,dlamminad@alexa.com,78294 CEDEX,Corrientes,87 Thompson Street,Pass@123,Urological Surgery,jranken4s,,,,,,,,,,,,,dprobey4u
Jozef,Wynch,jwynch4t@123-reg.co.uk,female,jwynch4t,2019-08-03,3287367049,Argentina,E,Hart,6933373758,sivanitsaae@intel.com,73167,Chaco,5 Delladonna Drive,Pass@123,Addiction Medicine,pfeechan4t,,,,,,,,,,,,,eroskruge4v
Mehetabel,Eakin,meakin4u@umich.edu,male,meakin4u,2021-11-07,6829216875,Argentina,R,Ecclesall,6982012182,rdrinkallaf@merriam-webster.com,2700,Misiones,92040 Talisman Street,Pass@123,Bariatrician,dprobey4u,,,,,,,,,,,,,mjanous4w
Analiese,Offord,aofford4v@utexas.edu,male,aofford4v,2019-12-29,4556787010,Armenia,T,Riddington,9674295280,rpowtonag@washington.edu,73167,Formosa,8 Tennessee Hill,Pass@123,Clinical Pharmacology,eroskruge4v,,,,,,,,,,,,,tivanchin4x
Darwin,Buff,dbuff4w@example.com,female,dbuff4w,2021-10-18,4815303169,Albania,Y,Bleakley,1939532581,bshahah@google.ru,6100,Chaco,54469 Anzinger Road,Pass@123,Critical Care Medicine,mjanous4w,,,,,,,,,,,,,lmattek4y
Zaccaria,Goggen,zgoggen4x@tamu.edu,male,zgoggen4x,2019-07-28,4942416804,Afghanistan,M,Koppel,6387176913,hgovernai@unicef.org,73167,Entre Rios,6 Sachs Lane,Pass@123,Flexible,tivanchin4x,,,,,,,,,,,,,zwilmore4z
Dom,Mackrell,dmackrell4y@patch.com,female,dmackrell4y,2019-12-23,6899356372,Albania,U,Pickerin,6767830554,rcheccucciaj@w3.org,J6V,Corrientes,533 Lakewood Point,Pass@123,Legal Medicine,lmattek4y,,,,,,,,,,,,,rcastellaccio50
Diego,Kyrkeman,dkyrkeman4z@symantec.com,male,dkyrkeman4z,2020-07-01,7626530446,Argentina,I,Coggeshall,4513886565,lhalahanak@apple.com,73167,Misiones,62593 Weeping Birch Place,Pass@123,Nuclear Medicine,zwilmore4z,,,,,,,,,,,,,akingcott51
Nell,Warriner,nwarriner50@cam.ac.uk,male,nwarriner50,2019-07-01,3062383614,Argentina,O,Frake,2156467092,cpaulusal@godaddy.com,393925,Buenos Aires,4401 Maywood Street,Pass@123,Other Specialty,rcastellaccio50,,,,,,,,,,,,,ncroci52
Jock,Jesse,jjesse51@ed.gov,female,jjesse51,2020-09-11,4638864348,Angola,S,Dorbin,7567212485,sdrippam@amazon.co.uk,61607,Corrientes,64228 Pepper Wood Way,Pass@123,Pain Medicine,akingcott51,,,,,,,,,,,,,mwelham53
Yoshi,McArt,ymcart52@w3.org,male,ymcart52,2019-07-19,9443742561,Argentina,P,Blasli,3252011155,cchidwickan@mayoclinic.com,73167,Corrientes,02 Maple Wood Point,Pass@123,Palliative Medicine,ncroci52,,,,,,,,,,,,,meagar54
Lynda,Farthing,lfarthing53@gnu.org,female,lfarthing53,2020-10-30,2543581272,Afghanistan,A,Brosius,5588038309,nadamowitzao@google.com.au,2419,Entre Rios,988 Mitchell Trail,Pass@123,Pharmaceutical Medicine,mwelham53,,,,,,,,,,,,,hbedow55
Zacherie,Hardisty,zhardisty54@smugmug.com,female,zhardisty54,2021-10-19,5963106238,Argentina,D,Dandy,2745294938,avancasselap@geocities.jp,2021,Entre Rios,9269 Crest Line Crossing,Pass@123,Phlebology,meagar54,,,,,,,,,,,,,emacconnechie56
Melva,Poland,mpoland55@google.co.jp,male,mpoland55,2021-04-20,7841313724,Albania,L,Ambrogiotti,5114780385,bbauldryaq@mtv.com,307156,Buenos Aires F.D.,3876 West Road,Pass@123,Public Health,hbedow55,,,,,,,,,,,,,vbloomer57
Savina,Balden,sbalden56@infoseek.co.jp,female,sbalden56,2020-03-23,3501788585,Afghanistan,L,Deem,2106155849,gbeahanar@instagram.com,53120,Entre Rios,34 Glendale Junction,Pass@123,Pathology,emacconnechie56,,,,,,,,,,,,,rleftbridge58
Fayth,Nizet,fnizet57@usgs.gov,male,fnizet57,2019-11-21,6949221945,Armenia,L,Fysh,9975304745,achatainieras@baidu.com,7390,Buenos Aires,70914 Heath Plaza,Pass@123,Anatomic Pathology,vbloomer57,,,,,,,,,,,,,lsumbler59
Concettina,Mosley,cmosley58@cnbc.com,male,cmosley58,2021-08-13,5067966764,Argentina,F,Humphery,2192259339,eyeliashevat@wsj.com,73167,Buenos Aires F.D.,98 Debra Road,Pass@123,Blood Banking,rleftbridge58,,,,,,,,,,,,,laxston5a
Justine,Gowanson,jgowanson59@upenn.edu,female,jgowanson59,2020-09-22,2325469191,Argentina,S,Ogley,9133505854,dcorckau@nydailynews.com,5100-005,Chaco,2 Tennyson Way,Pass@123,Chemical Pathology,lsumbler59,,,,,,,,,,,,,jbernucci5b
Elnore,Boys,eboys5a@feedburner.com,male,eboys5a,2021-07-18,2789183166,Australia,L,Lafontaine,1134284096,qpiatkowskiav@tripod.com,7350-005,Buenos Aires,83969 Lakewood Place,Pass@123,Clinical Pharmacology,laxston5a,,,,,,,,,,,,,ascoterbosh5c
Elia,Coughtrey,ecoughtrey5b@tiny.cc,male,ecoughtrey5b,2020-10-09,4491057745,Argentina,G,Buick,3271508068,kgilpinaw@prweb.com,4216,Santa Fe,0 Hovde Court,Pass@123,Clinical Pathology,jbernucci5b,,,,,,,,,,,,,csmaleman5d
Immanuel,Pogue,ipogue5c@pen.io,male,ipogue5c,2021-11-22,4042328754,Armenia,H,Dorrell,5285113814,qodcroftax@soup.io,73167,Misiones,078 Mayfield Pass,Pass@123,Cytopathology,ascoterbosh5c,,,,,,,,,,,,,lroe5e
Morgana,Anyon,manyon5d@economist.com,male,manyon5d,2020-07-10,4284653174,Argentina,L,Mellish,5387562190,rmacteggartay@accuweather.com,46091 CEDEX 9,Neuquen,021 Superior Point,Pass@123,Forensic Pathology,csmaleman5d,,,,,,,,,,,,,ewillcox5f
Virgilio,Jevon,vjevon5e@cnn.com,male,vjevon5e,2020-03-09,7466217628,Argentina,L,Jerams,1574164925,mjeuneaz@foxnews.com,53120,Tucumán,8 Warrior Drive,Pass@123,Hematology,lroe5e,,,,,,,,,,,,,jgillyett5g
Lurline,Breslin,lbreslin5f@apache.org,male,lbreslin5f,2021-09-29,4658877967,Albania,J,Pache,4624131498,sstockoeb0@cyberchimps.com,7390,Rio Negro,5 Nelson Street,Pass@123,Medical Microbiology,ewillcox5f,,,,,,,,,,,,,mmalster5h
Bendix,Muck,bmuck5g@webs.com,female,bmuck5g,2021-03-02,9043001810,Albania,K,Dumbreck,5719230951,gperottib1@admin.ch,73167,San Juan,6546 Darwin Center,Pass@123,Neuropathology,jgillyett5g,,,,,,,,,,,,,hframe5i
Merrill,Sellek,msellek5h@free.fr,male,msellek5h,2021-07-26,1141130768,Argentina,L,Addeycott,5858534470,pperisb2@thetimes.co.uk,1444,Cordoba,2664 Steensland Circle,Pass@123,Oral Pathology,mmalster5h,,,,,,,,,,,,,astainton5j
Hogan,Kimmince,hkimmince5i@mozilla.org,male,hkimmince5i,2020-07-16,8098615079,Albania,M,Reidie,5861768083,whuygheb3@jimdo.com,182 34,Cordoba,284 Weeping Birch Alley,Pass@123,Pathology,hframe5i,,,,,,,,,,,,,
Viki,Spaule,vspaule5j@smugmug.com,male,vspaule5j,2021-08-07,3082305706,Afghanistan,L,Sawdy,1699867623,sschroederb4@unblog.fr,53120,Cordoba,6744 Di Loreto Way,Pass@123,Pathology-Hematology,astainton5j,,,,,,,,,,,,,
,,,,,,,,,,,,,,,,,,,,,,,,,,,,,,
,,,,,,,,,,,,,,,,,,,,,,,,,,,,,,
,,,,,,,,,,,,,,,,,,,,,,,,,,,,,,
,,,,,,,,,,,,,,,,,,,,,,,,,,,,,,
,,,,,,,,,,,,,,,,,,,,,,,,,,,,,,
,,,,,,,,,,,,,,,,,,,,,,,,,,,,,,
,,,,,,,,,,,,,,,,,,,,,,,,,,,,,,
,,,,,,,,,,,,,,,,,,,,,,,,,,,,,,
,,,,,,,,,,,,,,,,,,,,,,,,,,,,,,
,,,,,,,,,Jessamyn,Jedrzejewicz,jjedrzejewsedicz2s@shinystat.com,male,jjedrzejewicz2s01,2021-03-19,3975508344,Afghanistan,S,Crusham,7256622347,tdonglessed8d@bizjournals.com,2125-106,Huambo,4 Karstens Drive,Pass@123,Pediatrics,,,,,
,,,,,,,,,Dina,Lowcock,dlowcock2t@creativecommons.org,male,dlowcock2t,2019-09-01,6523707507,Argentina,F,Crampsy,3744460005,rbridgstock8e@timesonline.co.uk,92224 CEDEX,Benguela,52500 Dennis Pass,Pass@123,Adolescent Medicine,,,,,
,,,,,,,,,Delano,Eicheler,deicheler2u@de.vu,female,deicheler2u,2021-02-17,3596559310,Argentina,H,Frisdick,1355893913,wpehrsson8f@people.com.cn,9021,Lunda Sul,35 Gulseth Plaza,Pass@123,Child Neurology,,,,,
,,,,,,,,,Hervey,Boik,hboik2v@tripod.com,male,hboik2v,2021-01-27,4127072503,Armenia,J,Hinchon,8409042790,cknutsen8g@soundcloud.com,38823,Lunda Norte,1 Farwell Court,Pass@123,Child Psychiatry,,,,,
,,,,,,,,,Trixi,McCowan,tmccowan2w@washingtonpost.com,female,tmccowan2w,2021-08-19,2773127865,Argentina,S,Mitkin,4219368671,jfomichyov8h@google.cn,492,Moxico,768 Warbler Street,Pass@123,Developmental-Behavioral Pediatrics,,,,,
,,,,,,,,,,,,,,,,,,,,,,,,,,,,,,
,,,,,,,,,,,,,,,,,,,,,,,,,,,,,,
,,,,,,,,,,,,,,,,,,,,,,,,,,,,,,
,,,,,,,,,,,,,,,,,,,,,,,,,,,,,,
,,,,,,,,,,,,,,,,,,,,,,,,,,,,,,
Nappy,Lampel,zshillaber2r@zimbio.com,male,zshillaber2r,2020-08-07,9796444763,Argentina,L,Lewie,5852588821,zshillaber2r@trellian.com,25880-000,Shirak Province,91118 Fairview Pass,Pass@123,Odele,GatewayMacId0299,Portia,Shillaber,SensorMacId0300,Charmaine,zshillaber2r@de.vu,Zacharie,Hynda,Kimia,3084665797,8898302318,5198388600,7 Corben Place,
Rafaello,Bolitho,pcrowth2s@prnewswire.com,female,pcrowth2s,2020-05-14,6642046860,Argentina,K,Brennan,9418077385,pcrowth2s@flickr.com,25880-000,Farah,415 Farmco Street,Pass@123,Gusta,GatewayMacId0300,Lorine,Crowth,SensorMacId0301,Bartlet,pcrowth2s@prnewswire.com,Pierce,Phylys,Feedfish,4695086902,8303177393,6682551500,262 Miller Drive,
Vivyanne,Kilbride,cthay2t@sfgate.com,male,cthay2t,2021-03-18,1683264728,Afghanistan,S,Nelle,4638280671,cthay2t@privacy.gov.au,25880-000,Farah,42954 Express Lane,Pass@123,Kania,GatewayMacId0301,Heda,Thay,SensorMacId0302,Valentijn,cthay2t@howstuffworks.com,Caesar,Esme,Skipfire,5073484545,5956365785,3514245006,70 Hoffman Crossing,
Elsy,Greyes,ccolvie2u@virginia.edu,male,ccolvie2u,2020-04-15,6416316551,Albania,F,Law,5752182953,ccolvie2u@blogs.com,1510,Herat,4786 Montana Street,Pass@123,Damara,GatewayMacId0302,Kalila,Colvie,SensorMacId0303,Floris,ccolvie2u@youtu.be,Clyde,Maggie,Divavu,1179155022,3475571080,4861522328,3 Towne Circle,
Marilee,Sudell,gcasbourne2v@ebay.com,female,gcasbourne2v,2019-10-10,1214742543,Afghanistan,H,Vivi,5817061339,gcasbourne2v@hhs.gov,62300-000,Umm al Qaywayn,913 Grim Way,Pass@123,Pattie,GatewayMacId0303,Joycelin,Casbourne,SensorMacId0304,Elnora,gcasbourne2v@google.co.jp,Gael,Celesta,Mynte,5708752263,3022100316,5042090508,5455 Schurz Drive,
,,,,,,,,,,,,,,,,,,,,,,,,,,,,,,
,,,,,,,,,,,,,,,,,,,,,,,,,,,,,,
,,,,,,,,,,,,,,,,,,,,,,,,,,,,,,
,,,,,,,,,,,,,,,,,,,,,,,,,,,,,,
,,,,,,,,,,,,,,,,,,,,,,,,,,,,,,
,,,,,,,,,,,,,,,,,,,,,,,,,,,,,,
,,,,,,,,,,,,,,,,,,,,,,,,,,,,,,
,,,,,,,,,,,,,,,,,,,,,,,,,,,,,,
,,,,,,,,,,,,,,,,,,,,,,,,,,,,,,
,,,,,,,,,,,,,,,,,,,,,,,,,,,,,,
,,,,,,,,,,,,,,,,,,,,,,,,,,,,,,
,,,,,,,,,,,,,,,,,,,,,,,,,,,,,,
,,,,,,,,,,,,,,,,,,,,,,,,,,,,,,
,,,,,,,,,,,,,,,,,,,,,,,,,,,,,,
,,,,,,,,,,,,,,,,,,,,,,,,,,,,,,
,,,,,,,,,,,,,,,,,,,,,,,,,,,,,,
,,,,,,,,,,,,,,,,,,,,,,,,,,,,,,
,,,,,,,,,,,,,,,,,,,,,,,,,,,,,,
,,,,,,,,,,,,,,,,,,,,,,,,,,,,,,
Katy,Freen,kfreen2x@infoseek.co.jp,female,kfreen2x,2020-07-17,3235212111,Argentina,I,Geockle,2731010247,gtrueman8i@dailymotion.com,7020,Uíge,329 Manitowish Place,Pass@123,Neonatal-Perinatal Medicine,bmeth2x,,,,,,,,,,,,,
Atlanta,Ahrend,aahrend2y@google.pl,female,aahrend2y,2019-07-18,3503967652,Argentina,L,Grocott,1348497689,hcutmore8j@businessinsider.com,9021,Zaire,3453 Stone Corner Junction,Pass@123,Pediatrics,bdumphry2y,,,,,,,,,,,,,
Novelia,Petrichat,npetrichat2z@stanford.edu,female,npetrichat2z,2020-04-10,7338339639,Argentina,L,Pinxton,4608082148,abedle8k@themeforest.net,40050,Zaire,3025 Fuller Avenue,Pass@123,Pediatric Anesthesiology,rbelk2z,,,,,,,,,,,,,
Kev,Hiskey,khiskey30@google.es,female,khiskey30,2021-05-19,8089297364,Argentina,M,Owlner,2663765282,vpaniman8l@google.com.au,4713,Cuanza Norte,8274 Manitowish Circle,Pass@123,Pediatric Cardiology,sbinford30,,,,,,,,,,,,,
Gare,Gobel,ggobel31@skyrock.com,female,ggobel31,2021-05-13,1939190814,Afghanistan,S,MacCracken,6992087674,byoxall8m@about.me,7020,Zaire,706 Maple Wood Circle,Pass@123,Pediatric Critical Care,obartelli31,,,,,,,,,,,,,
Haslett,Antonich,hantonich32@fastcompany.com,male,hantonich32,2020-11-13,4931332328,Argentina,B,Petrishchev,4826537262,srenvoys8n@istockphoto.com,9021,Malanje,16 Anniversary Alley,Pass@123,Pediatric Emergency Medicine,rjosse32,,,,,,,,,,,,,
Allegra,Saintsbury,asaintsbury33@ucla.edu,female,asaintsbury33,2021-11-12,3371017488,Afghanistan,S,Lindmark,4105918766,ktremolieres8o@indiegogo.com,40050,Luanda,82 Stang Place,Pass@123,Pediatric Endocrinology,hbattlestone33,,,,,,,,,,,,,
Jolie,Blencowe,jblencowe34@blinklist.com,male,jblencowe34,2019-07-25,2624913497,Albania,L,Cowely,2276864738,ckonneke8p@mapquest.com,793-0213,Bengo,3 Hoffman Place,Pass@123,Pediatric Gastroenterology,rpittem34,,,,,,,,,,,,,
Romy,Bentjens,rbentjens35@ycombinator.com,male,rbentjens35,2020-02-13,2489645083,Armenia,L,McCartan,9929948760,mfleming8q@lycos.com,397551,Cabinda,6 Barby Park,Pass@123,Pediatric Hematology-Oncology,ppettifer35,,,,,,,,,,,,,
Bill,Farquharson,bfarquharson36@wikimedia.org,male,bfarquharson36,2021-07-30,6405766577,Albania,Y,Wait,4122470796,rbrundrett8r@over-blog.com,7020,Cuanza Sul,879 Hansons Crossing,Pass@123,Pediatric Infectious Disease,gmaty36,,,,,,,,,,,,,
Adelind,Longfoot,alongfoot37@surveymonkey.com,male,alongfoot37,2021-11-23,8525886883,Argentina,L,Verdie,5678762282,bcleyne8s@moonfruit.com,9021,Namibe,2106 Ludington Terrace,Pass@123,Pediatric Internal Medicine,mflippini37,,,,,,,,,,,,,
Roderich,Ritchley,rritchley38@wufoo.com,male,rritchley38,2021-01-25,1989949513,Argentina,L,Formigli,9834186867,hwinkworth8t@oaic.gov.au,40050,Cuando Cubango,5404 Maple Trail,Pass@123,Pediatric Nephrology,wcheshire38,,,,,,,,,,,,,
Bent,Cansdill,bcansdill39@google.co.jp,female,bcansdill39,2020-08-06,8841619405,Argentina,D,Bernardelli,7604786387,jtreverton8u@fastcompany.com,7020,Moxico,0312 Jay Circle,Pass@123,Pediatric Ophthalmology,amungin39,,,,,,,,,,,,,
Sollie,Dinan,sdinan3a@virginia.edu,male,sdinan3a,2021-10-02,7347372498,Armenia,K,Beaudry,6386166735,nohms8v@samsung.com,9021,Huíla,4956 Myrtle Street,Pass@123,Pediatric Orthopedic Surgery,eandriveaux3a,,,,,,,,,,,,,
Hi,Gillian,hgillian3b@ocn.ne.jp,male,hgillian3b,2020-09-29,3895850445,Argentina,L,Bate,4641384268,nfellowes8w@51.la,32-305,Huambo,80 Glacier Hill Street,Pass@123,Pediatric Otolaryngology,dwingeat3b,,,,,,,,,,,,,
,,,,,,,,,,,,,,,,,,,,,,,,,,,,,,
,,,,,,,,,,,,,,,,,,,,,,,,,,,,,,
,,,,,,,,,,,,,,,,,,,,,,,,,,,,,,
,,,,,,,,,,,,,,,,,,,,,,,,,,,,,,
,,,,,,,,,,,,,,,,,,,,,,,,,,,,,,
,,,,,,,,,,,,,,,,,,,,,,,,,,,,,,
Katti,Chasle,cbillam2w@imdb.com,male,cbillam2w,2019-11-20,6821581133,Armenia,J,Clifford,5028723931,cbillam2w@gizmodo.com,7945,Raʼs al Khaymah,2 Esch Drive,Pass@123,Joleen,GatewayMacId0304,Debi,Billam,SensorMacId0305,Philly,cbillam2w@foxnews.com,Caryl,Caterina,Gabtune,4684257367,4057386456,6369722768,3 Leroy Center,
Kameko,Tidcomb,cslayny2x@usgs.gov,female,cslayny2x,2021-07-20,3799081460,Angola,S,Steve,8796633112,cslayny2x@gravatar.com,,Ash Shāriqah,29876 Farragut Drive,Pass@123,Roseann,GatewayMacId0305,Shalne,Slayny,SensorMacId0306,Elfrieda,cslayny2x@oaic.gov.au,Cheston,Trista,Voomm,6535461610,2767141545,9924348112,633 Sutherland Drive,
Valene,Rudderham,aputman2y@theglobeandmail.com,female,aputman2y,2019-11-18,8066207884,Armenia,I,Cassy,3631236481,aputman2y@alexa.com,5713,Dubai,16816 Service Center,Pass@123,Rodie,GatewayMacId0306,Lebbie,Putman,SensorMacId0307,Gui,aputman2y@bravesites.com,Ara,Inez,Tagopia,7673896992,6823835770,9293041576,680 Homewood Center,
Anthe,Davidson,wtrotman2z@i2i.jp,female,wtrotman2z,2019-04-26,3671149432,Armenia,L,Rutger,6514366945,wtrotman2z@fotki.com,,Al Fujayrah,9304 Eagle Crest Place,Pass@123,Lynette,GatewayMacId0307,Gigi,Trotman,SensorMacId0308,Iorgo,wtrotman2z@typepad.com,Willi,Hedwig,Thoughtworks,5864698836,1383043525,6722275243,4 Meadow Vale Parkway,
Emmalyn,Farrall,rsibray30@ucsd.edu,female,rsibray30,2020-01-15,5828913127,Afghanistan,L,Hannie,4579110139,rsibray30@so-net.ne.jp,90036,Al Fujayrah,3836 Hayes Street,Pass@123,Stoddard,GatewayMacId0308,Min,Sibray,SensorMacId0309,Otes,rsibray30@ucsd.edu,Rossy,Glad,Jaloo,7657152869,2179442187,7609401352,31812 Anzinger Street,
