FirstName,MiddleName,LastName,Email,Gender,UserName,Phone,DOB,PostalCode,Country,State,StreetAddress,Password,Specialization
Gene,S,Bonnefin,gbirrane11s01@archive.org,male,irrane1234,8565714108,1998-04-09,2125-106,Angola,Huambo,4 Karstens Drive,Pass@123,Pediatrics
Neils,F,Stuckes,nstuckes2t@cafepress.com,male,nstuckes2t,1787658192,13-09-2004,92224 CEDEX,Angola,Benguela,52500 Dennis Pass,Pass@123,Adolescent Medicine
Angie,H,Otterwell,aotterwell2u@un.org,female,aotterwell2u,8465996629,23-10-2001,9021,Angola,Lunda Sul,35 Gulseth Plaza,Pass@123,Child Neurology
Delcine,J,Bullimore,dbullimore2v@gnu.org,male,dbullimore2v,5586729994,2000-11-12,38823,Angola,Lunda Norte,1 Farwell Court,Pass@123,Child Psychiatry
Leslie,S,Lenham,llenham2w@live.com,female,llenham2w,1925923702,24-03-1997,492,Angola,Moxico,768 Warbler Street,Pass@123,Developmental-Behavioral Pediatrics
Bald,I,Meth,bmeth2x@tmall.com,female,bmeth2x,6439322214,19-03-1997,7020,Angola,Uíge,329 Manitowish Place,Pass@123,Neonatal-Perinatal Medicine
Bran,L,Dumphry,bdumphry2y@imgur.com,female,bdumphry2y,9714987873,1996-08-09,9021,Angola,Zaire,3453 Stone Corner Junction,Pass@123,Pediatrics
Ruben,L,Belk,rbelk2z@amazon.com,female,rbelk2z,8169394224,30-09-1996,40050,Angola,Zaire,3025 Fuller Avenue,Pass@123,Pediatric Anesthesiology
Shay,M,Binford,sbinford30@ucla.edu,female,sbinford30,9136090013,13-09-1996,4713,Angola,Cuanza Norte,8274 Manitowish Circle,Pass@123,Pediatric Cardiology
Olin,S,Bartelli,obartelli31@nationalgeographic.com,female,obartelli31,9742531003,1996-03-06,7020,Angola,Zaire,706 Maple Wood Circle,Pass@123,Pediatric Critical Care
Rheba,B,Josse,rjosse32@nasa.gov,male,rjosse32,3486532005,1997-09-02,9021,Angola,Malanje,16 Anniversary Alley,Pass@123,Pediatric Emergency Medicine
Huntley,S,Battlestone,hbattlestone33@devhub.com,female,hbattlestone33,7884008435,27-10-2002,40050,Angola,Luanda,82 Stang Place,Pass@123,Pediatric Endocrinology
Rubia,L,Pittem,rpittem34@google.de,male,rpittem34,7614213935,24-06-1998,793-0213,Angola,Bengo,3 Hoffman Place,Pass@123,Pediatric Gastroenterology
Pooh,L,Pettifer,ppettifer35@vistaprint.com,male,ppettifer35,8238013295,15-03-2001,397551,Angola,Cabinda,6 Barby Park,Pass@123,Pediatric Hematology-Oncology
Gerome,Y,Maty,gmaty36@sbwire.com,male,gmaty36,8837351646,17-11-1998,7020,Angola,Cuanza Sul,879 Hansons Crossing,Pass@123,Pediatric Infectious Disease
Mariya,L,Flippini,mflippini37@bloglines.com,male,mflippini37,5976508313,1998-10-10,9021,Angola,Namibe,2106 Ludington Terrace,Pass@123,Pediatric Internal Medicine
Worthington,L,Cheshire,wcheshire38@goo.ne.jp,male,wcheshire38,5679520242,24-11-2002,40050,Angola,Cuando Cubango,5404 Maple Trail,Pass@123,Pediatric Nephrology
Alaric,D,Mungin,amungin39@networksolutions.com,female,amungin39,5424204945,14-08-1999,7020,Angola,Moxico,0312 Jay Circle,Pass@123,Pediatric Ophthalmology
Alaric,K,Andriveaux,eandriveaux3a@pen.io,male,eandriveaux3a,8393340901,15-05-1998,9021,Angola,Huíla,4956 Myrtle Street,Pass@123,Pediatric Orthopedic Surgery
Delphine,L,Wingeat,dwingeat3b@sina.com.cn,male,dwingeat3b,1339154950,1998-07-06,32-305,Angola,Huambo,80 Glacier Hill Street,Pass@123,Pediatric Otolaryngology
Zelda,S,Gerritsma,zgerritsma3c@etsy.com,male,zgerritsma3c,3987424929,18-12-2002,68900-000,Angola,Benguela,38 Arrowood Plaza,Pass@123,Pediatric Pathology
Travis,S,Royal,troyal3d@thetimes.co.uk,male,troyal3d,3132246545,27-02-1998,7020,Angola,Bié,3 Debra Place,Pass@123,Pediatric Pulmonology
Floria,W,Bonnefin,fbonnefin3e@upenn.edu,male,fbonnefin3e,6355473369,25-03-1998,9021,Angola,Huambo,556 Oak Valley Point,Pass@123,Pediatric Radiology
Corrianne,Q,Larenson,clarenson3f@walmart.com,male,clarenson3f,7082108178,2002-03-12,08-331,Angola,Benguela,086 Declaration Lane,Pass@123,Pediatric Rheumatology
Elsbeth,L,Feron,eferon3g@shareasale.com,female,eferon3g,1311092561,2000-01-05,48338,Angola,Bié,48 Bartelt Circle,Pass@123,Pediatric Sports Medicine
Rachael,E,Edser,redser3h@nba.com,male,redser3h,4255669757,2000-08-01,9505,Angola,Bié,693 Lien Plaza,Pass@123,Pediatric Surgery
North,M,Downage,ndownage3i@mysql.com,male,ndownage3i,8807811201,29-02-2000,73201,Angola,Huíla,55 Heffernan Way,Pass@123,Pediatric Urology
Rori,R,Voisey,rvoisey3j@canalblog.com,male,rvoisey3j,9755221275,23-08-2001,7020,Angola,Huambo,143 Evergreen Alley,Pass@123,Perinatal Medicine
Grete,T,Mate,gmate3k@oakley.com,male,gmate3k,8099418297,2003-11-11,9021,Angola,Benguela,78 Sheridan Park,Pass@123,Preventative Medicine
Idette,Y,Gruby,igruby3l@is.gd,male,igruby3l,1888687156,18-08-1997,48338,Argentina,Buenos Aires,16 Duke Plaza,Pass@123,Aerospace Medicine
Allyn,U,Rachuig,arachuig3m@tinypic.com,male,arachuig3m,7499895550,1998-01-09,89759,Argentina,Santa Fe,59 Butterfield Center,Pass@123,General Preventive Medicine
Fayth,I,Bodill,fbodill3n@webs.com,female,fbodill3n,2207726627,26-02-2005,7020,Argentina,Buenos Aires F.D.,9197 Westend Avenue,Pass@123,Medical Toxicology
Marna,S,Gotcliff,mgotcliff3o@nsw.gov.au,male,mgotcliff3o,2903205096,1998-08-02,9021,Argentina,Entre Rios,35 Johnson Park,Pass@123,Occupational Medicine
Florinda,S,Worcester,fworcester3p@nps.gov,male,fworcester3p,8488917259,19-10-2001,48338,Argentina,Buenos Aires,955 Shopko Drive,Pass@123,Undersea Medicine
Madelina,S,Hawford,mhawford3q@cyberchimps.com,female,mhawford3q,5369879778,21-04-1997,3609,Argentina,Buenos Aires,07 Evergreen Court,Pass@123,Psychiatry
Jeane,M,Schulken,jschulken3r@yahoo.com,female,jschulken3r,9787036908,1999-11-07,7020,Argentina,Buenos Aires,8705 Hansons Court,Pass@123,Child Psychiatry
Raimondo,L,Wagen,rwagen3s@marriott.com,female,rwagen3s,3414073882,21-04-2003,9021,Argentina,Misiones,734 Carey Junction,Pass@123,Forensic Psychiatry
Eugenia,O,Kimble,ekimble3t@harvard.edu,female,ekimble3t,3303370532,19-08-2005,48338,Argentina,Corrientes,1 Loftsgordon Place,Pass@123,Geriatric Psychiatry
Edward,P,Flieger,eflieger3u@dropbox.com,female,eflieger3u,9425391586,27-05-2002,7020,Argentina,Entre Rios,30 Anthes Terrace,Pass@123,Psychiatry
Colby,A,Gusticke,cgusticke3v@webnode.com,male,cgusticke3v,1852266053,26-01-2002,9021,Argentina,Misiones,088 Hanover Park,Pass@123,Psychoanalysis
Norry,M,Filan,nfilan3w@ted.com,female,nfilan3w,5808260466,13-10-2004,48338,Argentina,Corrientes,24 Browning Lane,Pass@123,Radiology
Rosmunda,S,Leversha,rleversha3x@berkeley.edu,female,rleversha3x,8712448782,15-01-1998,763008,Argentina,Corrientes,933 Lighthouse Bay Place,Pass@123,Diagnostic Radiology
Paloma,S,Jantot,pjantot3y@ibm.com,male,pjantot3y,7348780305,19-07-2005,9021,Argentina,Santa Fe,1 Arrowood Avenue,Pass@123,Nuclear Radiology
Andree,S,Ambrosoli,aambrosoli3z@latimes.com,male,aambrosoli3z,9038513883,26-11-2003,21040 CEDEX,Argentina,Buenos Aires,096 Roth Circle,Pass@123,Neuroradiology
Edin,D,Bridel,ebridel40@nhs.uk,male,ebridel40,9625184451,1999-02-03,57810,Argentina,Corrientes,54779 Bay Point,Pass@123,Pediatric Radiology
Birk,M,Jedrzejczyk,bjedrzejczyk41@umich.edu,female,bjedrzejczyk41,5348171169,13-12-1997,9021,Argentina,Buenos Aires F.D.,6 Stang Alley,Pass@123,Radiation Oncology
Florence,L,Budnk,fbudnk42@cdc.gov,male,fbudnk42,7974847610,26-10-1996,6615,Argentina,Chaco,4408 Kings Hill,Pass@123,Radiology
Bealle,S,Duggan,bduggan43@thetimes.co.uk,female,bduggan43,6064227355,16-04-2000,7020,Argentina,Santa Fe,06424 Hudson Parkway,Pass@123,Vascular & Interventional Radiology
Silvia,F,Robichon,srobichon44@mapquest.com,female,srobichon44,3822671806,2002-12-03,9021,Argentina,Buenos Aires,787 Graceland Trail,Pass@123,Surgery
Rusty,G,Baker,rbaker45@1und1.de,male,rbaker45,2595616836,17-01-2001,48338,Argentina,Misiones,6 Nelson Trail,Pass@123,Abdominal Surgery
Mame,M,Brammall,mbrammall46@myspace.com,female,mbrammall46,5914689889,13-11-1996,9021,Argentina,Misiones,619 Debra Parkway,Pass@123,Adult Orthopedic Surgery
Shanie,H,Bourcq,sbourcq47@time.com,male,sbourcq47,1468024631,26-02-2003,216471,Argentina,Misiones,946 Sugar Pass,Pass@123,Cardiovascular Surgery
Alisa,S,Klemt,aklemt48@huffingtonpost.com,male,aklemt48,2632701348,2005-02-08,21040 CEDEX,Argentina,Misiones,00 Glacier Hill Street,Pass@123,Colon & Rectal Surgery
Cecilla,J,Scroggie,cscroggie49@mac.com,female,cscroggie49,4058356015,2005-05-06,73167,Argentina,Misiones,76 Stuart Junction,Pass@123,Critical Care Neurological Surgery
Christabel,K,Giorgioni,cgiorgioni4a@discuz.net,male,cgiorgioni4a,9365803600,14-11-1996,10270,Argentina,Buenos Aires,73204 Nova Court,Pass@123,Critical Care Surgery
Papagena,L,Fellibrand,pfellibrand4b@taobao.com,male,pfellibrand4b,8556026940,13-05-1998,47100-000,Argentina,Formosa,1 Lindbergh Drive,Pass@123,Dermatologic Surgery
Cathyleen,Z,Pattie,cpattie4c@washingtonpost.com,male,cpattie4c,6712251270,2000-08-09,92742 CEDEX,Argentina,Corrientes,2 Spenser Court,Pass@123,General Surgery
Cale,L,Zecchini,czecchini4d@reference.com,female,czecchini4d,5407629125,16-05-2005,40990,Argentina,Misiones,59 Village Green Way,Pass@123,Hand Surgery
Kass,L,Caron,kcaron4e@mysql.com,female,kcaron4e,4878699025,1999-10-02,21040 CEDEX,Argentina,Buenos Aires,468 Memorial Place,Pass@123,Head & Neck Surgery
Nanci,S,Nanninini,nnanninini4f@zimbio.com,male,nnanninini4f,8357298389,16-12-1997,656910,Argentina,Buenos Aires,72 Superior Drive,Pass@123,Maxillofacial Surgery
Fenelia,X,Pickance,fpickance4g@mysql.com,female,fpickance4g,9826764961,2000-07-01,662680,Argentina,Corrientes,43 Brown Crossing,Pass@123,Neurological Surgery
Darin,S,Juan,djuan4h@usda.gov,female,djuan4h,6727654580,26-03-1997,73167,Argentina,Misiones,0 Leroy Parkway,Pass@123,Orthopedic Surgery
Carling,C,Luchetti,cluchetti4i@theguardian.com,female,cluchetti4i,6774827623,19-07-2001,10270,Argentina,Buenos Aires,050 Merrick Street,Pass@123,Orthopedic Surgery & Sports Medicine
Virginie,V,Moultrie,vmoultrie4j@list-manage.com,male,vmoultrie4j,1189670104,2005-09-11,32350,Argentina,Corrientes,1385 Ridge Oak Pass,Pass@123,Orthopedic Trauma Surgery
Dani,B,Duchan,dduchan4k@godaddy.com,male,dduchan4k,7849520499,2002-04-07,4445-005,Argentina,Buenos Aires,4690 Lukken Road,Pass@123,Pediatric Orthopedic Surgery
Mariele,S,Pagan,mpagan4l@howstuffworks.com,female,mpagan4l,2325080881,27-12-2005,253 01,Argentina,Buenos Aires,6 Summer Ridge Trail,Pass@123,Pediatric Surgery
Elwood,N,Courcey,ecourcey4m@wunderground.com,male,ecourcey4m,3685215184,19-08-1997,73167,Argentina,Buenos Aires,5 Lerdahl Avenue,Pass@123,Plastic Surgery
Mitchael,L,Lygo,mlygo4n@de.vu,male,mlygo4n,4351224217,28-05-1997,10270,Argentina,Entre Rios,425 Valley Edge Avenue,Pass@123,Thoracic Surgery
Dael,S,Niblo,dniblo4o@sakura.ne.jp,male,dniblo4o,1032217843,1998-04-12,301649,Argentina,Misiones,6 Schmedeman Lane,Pass@123,Traumatic Surgery
Henry,M,Sheals,hsheals4p@bluehost.com,female,hsheals4p,7026772038,22-07-2001,73167,Argentina,Entre Rios,7 Kenwood Crossing,Pass@123,Urological Surgery
Harriet,Q,Mateja,hmateja4q@typepad.com,female,hmateja4q,1202697979,2001-08-02,10270,Argentina,Entre Rios,26 Grim Parkway,Pass@123,Vascular Surgery
Andra,W,Dormand,adormand4r@bravesites.com,male,adormand4r,2052384341,15-03-2003,73167,Argentina,Corrientes,22 Bowman Hill,Pass@123,Urology
Johann,M,Ranken,jranken4s@discuz.net,male,jranken4s,2023691363,30-11-2004,78294 CEDEX,Argentina,Corrientes,87 Thompson Street,Pass@123,Urological Surgery
Paddy,E,Feechan,pfeechan4t@businessweek.com,female,pfeechan4t,2403736548,2005-01-12,73167,Argentina,Chaco,5 Delladonna Drive,Pass@123,Addiction Medicine
Domini,R,Probey,dprobey4u@washington.edu,male,dprobey4u,5252003216,1997-07-10,2700,Argentina,Misiones,92040 Talisman Street,Pass@123,Bariatrician
Elle,T,Roskruge,eroskruge4v@rambler.ru,male,eroskruge4v,4285128507,13-01-2005,73167,Argentina,Formosa,8 Tennessee Hill,Pass@123,Clinical Pharmacology
Moria,Y,Janous,mjanous4w@pcworld.com,female,mjanous4w,6064933982,1998-07-01,6100,Argentina,Chaco,54469 Anzinger Road,Pass@123,Critical Care Medicine
Thornie,M,Ivanchin,tivanchin4x@foxnews.com,male,tivanchin4x,8288251341,31-12-1996,73167,Argentina,Entre Rios,6 Sachs Lane,Pass@123,Flexible
Layton,U,Mattek,lmattek4y@blog.com,female,lmattek4y,6836337748,23-06-2000,J6V,Argentina,Corrientes,533 Lakewood Point,Pass@123,Legal Medicine
Zolly,I,Wilmore,zwilmore4z@google.com.au,male,zwilmore4z,3683026789,27-01-2006,73167,Argentina,Misiones,62593 Weeping Birch Place,Pass@123,Nuclear Medicine
Raphael,O,Castellaccio,rcastellaccio50@nps.gov,male,rcastellaccio50,5971295122,14-07-1999,393925,Argentina,Buenos Aires,4401 Maywood Street,Pass@123,Other Specialty
Audrie,S,Kingcott,akingcott51@comsenz.com,female,akingcott51,4459922832,2004-03-11,61607,Argentina,Corrientes,64228 Pepper Wood Way,Pass@123,Pain Medicine
Nilson,P,Croci,ncroci52@ft.com,male,ncroci52,4587600784,1999-01-03,73167,Argentina,Corrientes,02 Maple Wood Point,Pass@123,Palliative Medicine
Merola,A,Welham,mwelham53@pcworld.com,female,mwelham53,7309045313,20-01-1998,2419,Argentina,Entre Rios,988 Mitchell Trail,Pass@123,Pharmaceutical Medicine
Murielle,D,Eagar,meagar54@twitpic.com,female,meagar54,2373458786,2004-08-07,2021,Argentina,Entre Rios,9269 Crest Line Crossing,Pass@123,Phlebology
Hetti,L,Bedow,hbedow55@ucla.edu,male,hbedow55,1097131605,23-12-2003,307156,Argentina,Buenos Aires F.D.,3876 West Road,Pass@123,Public Health
Erika,L,MacConnechie,emacconnechie56@cdbaby.com,female,emacconnechie56,5743247244,28-02-2003,53120,Argentina,Entre Rios,34 Glendale Junction,Pass@123,Pathology
Verena,L,Bloomer,vbloomer57@sun.com,male,vbloomer57,9171287239,1997-06-09,7390,Argentina,Buenos Aires,70914 Heath Plaza,Pass@123,Anatomic Pathology
Remus,F,Leftbridge,rleftbridge58@usa.gov,male,rleftbridge58,3422126819,2001-12-02,73167,Argentina,Buenos Aires F.D.,98 Debra Road,Pass@123,Blood Banking
Lauri,S,Sumbler,lsumbler59@csmonitor.com,female,lsumbler59,5367525512,25-08-1996,5100-005,Argentina,Chaco,2 Tennyson Way,Pass@123,Chemical Pathology
Ludwig,L,Axston,laxston5a@bing.com,male,laxston5a,2956637487,31-01-2002,7350-005,Argentina,Buenos Aires,83969 Lakewood Place,Pass@123,Clinical Pharmacology
Jennifer,G,Bernucci,jbernucci5b@census.gov,male,jbernucci5b,8631892298,21-12-2002,4216,Argentina,Santa Fe,0 Hovde Court,Pass@123,Clinical Pathology
Arlana,H,Scoterbosh,ascoterbosh5c@sourceforge.net,male,ascoterbosh5c,4975093446,2004-04-10,73167,Argentina,Misiones,078 Mayfield Pass,Pass@123,Cytopathology
Conrad,L,Smaleman,csmaleman5d@webs.com,male,csmaleman5d,2273417845,24-03-2003,46091 CEDEX 9,Argentina,Neuquen,021 Superior Point,Pass@123,Forensic Pathology
Leelah,L,Roe,lroe5e@ning.com,male,lroe5e,2259276052,18-03-1999,53120,Argentina,Tucumán,8 Warrior Drive,Pass@123,Hematology
Ervin,J,Willcox,ewillcox5f@vk.com,male,ewillcox5f,9244143743,1997-05-12,7390,Argentina,Rio Negro,5 Nelson Street,Pass@123,Medical Microbiology
Joy,K,Gillyett,jgillyett5g@shutterfly.com,female,jgillyett5g,2799489317,25-07-2005,73167,Argentina,San Juan,6546 Darwin Center,Pass@123,Neuropathology
Malia,L,Malster,mmalster5h@bing.com,male,mmalster5h,7118163957,1997-03-06,1444,Argentina,Cordoba,2664 Steensland Circle,Pass@123,Oral Pathology
Hiram,M,Frame,hframe5i@chron.com,male,hframe5i,3069087386,24-02-2004,182 34,Argentina,Cordoba,284 Weeping Birch Alley,Pass@123,Pathology
Amity,L,Stainton,astainton5j@twitter.com,male,astainton5j,6609882998,16-07-1999,53120,Argentina,Cordoba,6744 Di Loreto Way,Pass@123,Pathology-Hematology