FirstName,MiddleName,LastName,Email,Gender,UserName,Phone,DOB,PostalCode,Country,State,StreetAddress,Password,NokName,NokContactNumber,NokContactEmail
Hyacinthe,S,Overshott,hovdefrott8c01@discuz.net,male,hfrgtersrfthott8c001,9659253860,03-03-1998,40050,Armenia,Shirak Province,812 Blaine Point,Pass@123,Birrane,8231167267,eblhyjadfrdefrgrb6@usda.gov
Ilario,F,Stockbridge,istockbridge8d@google.nl,male,istockbridge8d,9611625412,28-04-2001,2125-106,Armenia,Aragatsotn Province,4 Karstens Drive,Pass@123,Stuckes,2652203631,clazareb7@ucoz.ru
Grazia,H,Bigby,gbigby8e@amazon.com,female,gbigby8e,4094156337,09-09-2005,92224 CEDEX,Armenia,Kotayk Province,52500 Dennis Pass,Pass@123,Otterwell,4773001114,ebussellb8@mlb.com
Hali,J,McGarvie,hmcgarvie8f@springer.com,male,hmcgarvie8f,2913613203,31-10-2001,9021,Angola,Lunda Sul,35 Gulseth Plaza,Pass@123,Bullimore,3541103078,dkitleeb9@unesco.org
Marvin,S,Suart,msuart8g@google.com.au,female,msuart8g,2659214052,19-04-2002,38823,Angola,Lunda Norte,1 Farwell Court,Pass@123,Lenham,2236833657,bstuchburyba@yelp.com
Eolande,I,Pech,epech8h@nydailynews.com,female,epech8h,4343278754,04-09-2000,492,Angola,Moxico,768 Warbler Street,Pass@123,Meth,7078271391,jgeorgeaubb@goo.gl
Merilee,L,Michurin,mmichurin8i@ox.ac.uk,female,mmichurin8i,4628223820,04-11-1996,7020,Angola,Uíge,329 Manitowish Place,Pass@123,Dumphry,4573124866,cboltwoodbc@51.la
Renard,L,Youings,ryouings8j@over-blog.com,female,ryouings8j,9144358443,18-08-2002,9021,Angola,Zaire,3453 Stone Corner Junction,Pass@123,Belk,6027628146,bleederbd@sakura.ne.jp
Hollie,M,Claus,hclaus8k@deliciousdays.com,female,hclaus8k,6596535954,25-06-2001,40050,Angola,Zaire,3025 Fuller Avenue,Pass@123,Binford,2953597828,daddlestonebe@seattletimes.com
Gualterio,S,Levins,glevins8l@alibaba.com,female,glevins8l,2918499768,09-05-1997,4713,Angola,Cuanza Norte,8274 Manitowish Circle,Pass@123,Bartelli,1309371573,mplascottbf@bbc.co.uk
Constanta,B,Stampe,cstampe8m@desdev.cn,male,cstampe8m,1214825487,05-03-2003,7020,Angola,Zaire,706 Maple Wood Circle,Pass@123,Josse,3617440207,djonuzibg@jugem.jp
Lorne,S,London,llondon8n@webeden.co.uk,female,llondon8n,8895769837,21-10-2004,9021,Angola,Malanje,16 Anniversary Alley,Pass@123,Battlestone,9729184743,twestcotbh@slideshare.net
Liane,L,Thoresby,lthoresby8o@bluehost.com,male,lthoresby8o,4137737999,18-11-2004,40050,Angola,Luanda,82 Stang Place,Pass@123,Pittem,4967948252,hsaigerbi@ucsd.edu
Caprice,L,Rozsa,crozsa8p@4shared.com,male,crozsa8p,5594305729,20-11-2003,793-0213,Angola,Bengo,3 Hoffman Place,Pass@123,Pettifer,3377159363,lshrubshallbj@yandex.ru
Duffie,Y,O'Hingerty,dohingerty8q@gnu.org,male,dohingerty8q,1765294726,05-11-2003,397551,Angola,Cabinda,6 Barby Park,Pass@123,Maty,4168436446,ptourrybk@usatoday.com
Sylvester,L,Risbie,srisbie8r@bbc.co.uk,male,srisbie8r,6235014145,08-01-2000,7020,Angola,Cuanza Sul,879 Hansons Crossing,Pass@123,Flippini,9068233317,klawlorbl@wikia.com
Willy,L,Faich,wfaich8s@livejournal.com,male,wfaich8s,9424092599,23-10-2004,9021,Angola,Namibe,2106 Ludington Terrace,Pass@123,Cheshire,6301066323,wsarahbm@bing.com
Sam,D,Gilardone,sgilardone8t@elpais.com,female,sgilardone8t,6872948093,17-01-1997,40050,Angola,Cuando Cubango,5404 Maple Trail,Pass@123,Mungin,2958026351,larnaudbn@java.com
Danya,K,Stilliard,dstilliard8u@unc.edu,male,dstilliard8u,9236530268,13-01-2002,7020,Angola,Moxico,0312 Jay Circle,Pass@123,Andriveaux,6127434494,etrenemanbo@netvibes.com
Denice,L,Nissle,dnissle8v@studiopress.com,male,dnissle8v,8711120895,25-08-2001,9021,Angola,Huíla,4956 Myrtle Street,Pass@123,Wingeat,5195375889,hdurlingbp@ox.ac.uk
Abbot,S,Picken,apicken8w@sciencedirect.com,male,apicken8w,3913142669,17-09-1998,32-305,Angola,Huambo,80 Glacier Hill Street,Pass@123,Gerritsma,4995874142,aprichardbq@harvard.edu
Eduino,S,Lorinez,elorinez8x@foxnews.com,male,elorinez8x,9519159953,12-04-1997,68900-000,Angola,Benguela,38 Arrowood Plaza,Pass@123,Royal,5311598797,okepebr@whitehouse.gov
Myca,W,Gravener,mgravener8y@homestead.com,male,mgravener8y,4511155492,23-10-2003,7020,Angola,Bié,3 Debra Place,Pass@123,Bonnefin,8064567833,rlebangbs@census.gov
Ali,Q,Celand,aceland8z@newyorker.com,male,aceland8z,7742054494,31-01-2000,9021,Angola,Huambo,556 Oak Valley Point,Pass@123,Larenson,7119105006,ketchesbt@amazonaws.com
Kevon,L,Coare,kcoare90@yandex.ru,female,kcoare90,4573793108,26-12-2002,08-331,Angola,Benguela,086 Declaration Lane,Pass@123,Feron,5207045500,jtofftsbu@feedburner.com
Ricki,E,Thams,rthams91@cafepress.com,male,rthams91,5508508722,16-08-2002,48338,Angola,Bié,48 Bartelt Circle,Pass@123,Edser,5229541331,rjoirisbv@digg.com
Felice,M,Cattrell,fcattrell92@opera.com,male,fcattrell92,4064765568,14-09-1997,9505,Angola,Bié,693 Lien Plaza,Pass@123,Downage,4058421434,bsummerlybw@bizjournals.com
Calv,R,Scurrah,cscurrah93@spotify.com,male,cscurrah93,5422652165,06-10-2002,73201,Angola,Huíla,55 Heffernan Way,Pass@123,Voisey,3758080005,istruttonbx@godaddy.com
Kylen,T,Proud,kproud94@nps.gov,male,kproud94,5407532690,21-07-1998,7020,Angola,Huambo,143 Evergreen Alley,Pass@123,Mate,6186049843,bbrecknallby@cpanel.net
Ash,Y,Dewbury,adewbury95@fema.gov,male,adewbury95,1656024910,28-09-2004,9021,Angola,Benguela,78 Sheridan Park,Pass@123,Gruby,1355137453,vvarvellbz@blinklist.com
Daniele,U,Eade,deade96@yandex.ru,male,deade96,6847178495,16-03-2001,48338,Argentina,Buenos Aires,16 Duke Plaza,Pass@123,Rachuig,1268219031,bhawkswoodc0@w3.org
Tait,I,Carless,tcarless97@ning.com,female,tcarless97,5877601827,26-10-1999,89759,Argentina,Santa Fe,59 Butterfield Center,Pass@123,Bodill,4998687421,jcrocettic1@ycombinator.com
Rici,S,Frears,rfrears98@dagondesign.com,male,rfrears98,4104452890,13-03-2005,7020,Argentina,Buenos Aires F.D.,9197 Westend Avenue,Pass@123,Gotcliff,1706913452,cballochc2@issuu.com
Carine,S,Vallery,cvallery99@behance.net,male,cvallery99,1307947331,04-02-2000,9021,Argentina,Entre Rios,35 Johnson Park,Pass@123,Worcester,4057037405,kplacec3@cbslocal.com
Moses,S,Wolfenden,mwolfenden9a@nydailynews.com,female,mwolfenden9a,2193508516,19-12-1997,48338,Argentina,Buenos Aires,955 Shopko Drive,Pass@123,Hawford,9323258521,jberndtc4@elpais.com
Waldemar,M,Berrecloth,wberrecloth9b@storify.com,female,wberrecloth9b,6433249203,07-05-2001,3609,Argentina,Buenos Aires,07 Evergreen Court,Pass@123,Schulken,8146209644,trunchmanc5@ed.gov
Madeleine,L,Ville,mville9c@imageshack.us,female,mville9c,4892787619,04-03-2003,7020,Argentina,Buenos Aires,8705 Hansons Court,Pass@123,Wagen,4416657874,cmarsonc6@ucla.edu
Katharine,O,Gilbey,kgilbey9d@smugmug.com,female,kgilbey9d,3709123735,17-02-2001,9021,Argentina,Misiones,734 Carey Junction,Pass@123,Kimble,3722303592,dlentschc7@delicious.com
Mariele,P,O'Canavan,mocanavan9e@go.com,female,mocanavan9e,8424041215,05-10-2003,48338,Argentina,Corrientes,1 Loftsgordon Place,Pass@123,Flieger,4094792254,lcattellc8@microsoft.com
Sammie,A,Broszkiewicz,sbroszkiewicz9f@woothemes.com,male,sbroszkiewicz9f,5961964922,14-01-2002,7020,Argentina,Entre Rios,30 Anthes Terrace,Pass@123,Gusticke,2768478197,tsetterc9@redcross.org
Nanice,M,Vasyagin,nvasyagin9g@redcross.org,female,nvasyagin9g,9218671298,13-08-1997,9021,Argentina,Misiones,088 Hanover Park,Pass@123,Filan,1193937563,ckillimisterca@51.la
Jerrilee,S,Undrell,jundrell9h@merriam-webster.com,female,jundrell9h,6782417616,30-10-2001,48338,Argentina,Corrientes,24 Browning Lane,Pass@123,Leversha,4372327493,eelderidgecb@oakley.com
Ernesta,S,Zanolli,ezanolli9i@dyndns.org,male,ezanolli9i,4495881850,06-01-2003,763008,Argentina,Corrientes,933 Lighthouse Bay Place,Pass@123,Jantot,1408281376,mbeeckercc@cloudflare.com
Jeffrey,S,Schiefersten,jschiefersten9j@thetimes.co.uk,male,jschiefersten9j,9852498068,11-03-2005,9021,Argentina,Santa Fe,1 Arrowood Avenue,Pass@123,Ambrosoli,7862636108,ofolkardcd@thetimes.co.uk
Lotte,D,Salman,lsalman9k@si.edu,male,lsalman9k,8334514429,20-04-2004,21040 CEDEX,Argentina,Buenos Aires,096 Roth Circle,Pass@123,Bridel,5134139936,dmallonce@photobucket.com
Harper,M,Poizer,hpoizer9l@sina.com.cn,female,hpoizer9l,9327105441,05-08-1996,57810,Argentina,Corrientes,54779 Bay Point,Pass@123,Jedrzejczyk,1332112726,cstoutcf@homestead.com
Gabbey,L,Mocker,gmocker9m@jalbum.net,male,gmocker9m,5342133401,30-08-2000,9021,Argentina,Buenos Aires F.D.,6 Stang Alley,Pass@123,Budnk,1489061795,snickelscg@cloudflare.com
Vina,S,Knellen,vknellen9n@slate.com,female,vknellen9n,7692901122,03-04-1998,6615,Argentina,Chaco,4408 Kings Hill,Pass@123,Duggan,1779488617,cmccroftch@amazonaws.com
Elisha,F,Lowre,elowre9o@zdnet.com,female,elowre9o,2521537821,09-01-2003,7020,Argentina,Santa Fe,06424 Hudson Parkway,Pass@123,Robichon,1278261527,pbieverci@quantcast.com
Jae,G,Martinat,jmartinat9p@miitbeian.gov.cn,male,jmartinat9p,8639872709,23-08-2004,9021,Argentina,Buenos Aires,787 Graceland Trail,Pass@123,Baker,4512681001,mlorkingcj@youku.com
Angy,M,Caldwell,acaldwell9q@themeforest.net,female,acaldwell9q,5109259473,02-08-2002,48338,Argentina,Misiones,6 Nelson Trail,Pass@123,Brammall,7691845857,pdeenerck@google.co.jp
Archie,H,Maleby,amaleby9r@reference.com,male,amaleby9r,8209243665,15-03-1999,9021,Argentina,Misiones,619 Debra Parkway,Pass@123,Bourcq,3909892770,agrinovcl@fda.gov
Thorsten,S,Oxborough,toxborough9s@flavors.me,male,toxborough9s,3474739389,20-07-1997,216471,Argentina,Misiones,946 Sugar Pass,Pass@123,Klemt,7046520816,mlangridgecm@about.com
Mortie,J,London,mlondon9t@wordpress.com,female,mlondon9t,4931650634,17-12-1998,21040 CEDEX,Argentina,Misiones,00 Glacier Hill Street,Pass@123,Scroggie,4225887866,rwalkleycn@themeforest.net
Nolly,K,Parbrook,nparbrook9u@statcounter.com,male,nparbrook9u,9645871491,15-01-1997,73167,Argentina,Misiones,76 Stuart Junction,Pass@123,Giorgioni,3807461527,roscroftco@digg.com
Merrie,L,Moiser,mmoiser9v@wired.com,male,mmoiser9v,5667994225,18-02-2004,10270,Argentina,Buenos Aires,73204 Nova Court,Pass@123,Fellibrand,1255595843,mivanichevcp@i2i.jp
Jabez,Z,Bennen,jbennen9w@t.co,male,jbennen9w,5283971255,17-01-2002,47100-000,Argentina,Formosa,1 Lindbergh Drive,Pass@123,Pattie,1906636693,jveelcq@taobao.com
Gayle,L,Maddaford,gmaddaford9x@fastcompany.com,female,gmaddaford9x,6664315153,16-09-1996,92742 CEDEX,Argentina,Corrientes,2 Spenser Court,Pass@123,Zecchini,7687828631,measbycr@google.ca
Karee,L,Efford,kefford9y@sogou.com,female,kefford9y,1778564210,10-10-1998,40990,Argentina,Misiones,59 Village Green Way,Pass@123,Caron,2169818270,cciottics@paypal.com
Hedda,S,Hanfrey,hhanfrey9z@narod.ru,male,hhanfrey9z,6486968674,13-05-2000,21040 CEDEX,Argentina,Buenos Aires,468 Memorial Place,Pass@123,Nanninini,8907051891,cmokesct@photobucket.com
Filberte,X,Southwell,fsouthwella0@gizmodo.com,female,fsouthwella0,6568795990,29-03-2002,656910,Argentina,Buenos Aires,72 Superior Drive,Pass@123,Pickance,2284323770,asherarcu@tumblr.com
Benjamen,S,Hairesnape,bhairesnapea1@php.net,female,bhairesnapea1,2258295759,21-03-2004,662680,Argentina,Corrientes,43 Brown Crossing,Pass@123,Juan,9655251494,zkediecv@gov.uk
Brandy,C,Skates,bskatesa2@smh.com.au,female,bskatesa2,2072555177,05-01-2004,73167,Argentina,Misiones,0 Leroy Parkway,Pass@123,Luchetti,5907960962,hhaddrillcw@go.com
Esma,V,Kittiman,ekittimana3@ning.com,male,ekittimana3,1258207556,23-10-2000,10270,Argentina,Buenos Aires,050 Merrick Street,Pass@123,Moultrie,2339971073,ctidswellcx@guardian.co.uk
Verla,B,Roydon,vroydona4@feedburner.com,male,vroydona4,6281767731,02-09-1997,32350,Argentina,Corrientes,1385 Ridge Oak Pass,Pass@123,Duchan,8384887900,iemblincy@spotify.com
Elvyn,S,Kemery,ekemerya5@answers.com,female,ekemerya5,6173902261,23-05-1997,4445-005,Argentina,Buenos Aires,4690 Lukken Road,Pass@123,Pagan,1587125511,vhampshirecz@stumbleupon.com
Lory,N,Imason,limasona6@ovh.net,male,limasona6,2492687723,17-11-1999,253 01,Argentina,Buenos Aires,6 Summer Ridge Trail,Pass@123,Courcey,9712017112,smelvind0@prnewswire.com
Katherine,L,Rowlinson,krowlinsona7@oracle.com,male,krowlinsona7,4222400036,11-08-1999,73167,Argentina,Buenos Aires,5 Lerdahl Avenue,Pass@123,Lygo,9669870273,vattackd1@ca.gov
Edi,S,Records,erecordsa8@earthlink.net,male,erecordsa8,3379333234,19-06-1998,10270,Argentina,Entre Rios,425 Valley Edge Avenue,Pass@123,Niblo,9382180094,nivicd2@meetup.com
Tessie,M,Fiander,tfiandera9@sphinn.com,female,tfiandera9,3215719145,04-01-2006,301649,Argentina,Misiones,6 Schmedeman Lane,Pass@123,Sheals,6337420080,coleaghamd3@linkedin.com
Catherina,Q,Housbie,chousbieaa@google.com.hk,female,chousbieaa,2393953366,11-03-2003,73167,Argentina,Entre Rios,7 Kenwood Crossing,Pass@123,Mateja,7073408081,jhinckesmand4@washington.edu
Bobbette,W,Godsil,bgodsilab@sciencedaily.com,male,bgodsilab,7094779260,30-04-1999,10270,Argentina,Entre Rios,26 Grim Parkway,Pass@123,Dormand,8479552391,psertind5@twitpic.com
Michelina,M,Rottgers,mrottgersac@t-online.de,male,mrottgersac,2093119746,11-06-2005,73167,Argentina,Corrientes,22 Bowman Hill,Pass@123,Ranken,1035154101,tmotherwelld6@time.com
Inigo,E,Clemmett,iclemmettad@geocities.com,female,iclemmettad,8858945094,08-09-1999,78294 CEDEX,Argentina,Corrientes,87 Thompson Street,Pass@123,Feechan,9063327903,rmallatrattd7@amazon.de
Eliza,R,De Bruyne,edebruyneae@themeforest.net,male,edebruyneae,4232020211,20-12-1999,73167,Argentina,Chaco,5 Delladonna Drive,Pass@123,Probey,8866817110,pharomed8@hao123.com
Vania,T,Tranter,vtranteraf@unicef.org,male,vtranteraf,8183848860,13-09-2003,2700,Argentina,Misiones,92040 Talisman Street,Pass@123,Roskruge,7988400140,sknowlerd9@de.vu
Annabell,Y,Gave,agaveag@usda.gov,female,agaveag,5253262234,28-01-2004,73167,Argentina,Formosa,8 Tennessee Hill,Pass@123,Janous,9959210460,lakramda@whitehouse.gov
Calida,M,Peacey,cpeaceyah@blogtalkradio.com,male,cpeaceyah,3861073755,12-11-1997,6100,Argentina,Chaco,54469 Anzinger Road,Pass@123,Ivanchin,7464390440,bphillcockdb@pinterest.com
Evangelina,U,Elrick,eelrickai@nature.com,female,eelrickai,3036941507,18-12-1998,73167,Argentina,Entre Rios,6 Sachs Lane,Pass@123,Mattek,1366251126,dinkledc@naver.com
Isabella,I,Ralfe,iralfeaj@google.ca,male,iralfeaj,9031910888,25-11-2004,J6V,Argentina,Corrientes,533 Lakewood Point,Pass@123,Wilmore,7762419140,emooneydd@dailymail.co.uk
Ivory,O,O'Hone,iohoneak@mac.com,male,iohoneak,7016712926,24-02-2000,73167,Argentina,Misiones,62593 Weeping Birch Place,Pass@123,Castellaccio,3739549797,dgorgesde@mapy.cz
Ruy,S,Paffley,rpaffleyal@google.com.au,female,rpaffleyal,2943969236,10-10-2005,393925,Argentina,Buenos Aires,4401 Maywood Street,Pass@123,Kingcott,6614750034,lcumbesdf@blogger.com
Susanetta,P,Moyler,smoyleram@bbb.org,male,smoyleram,9449784574,10-04-1999,61607,Argentina,Corrientes,64228 Pepper Wood Way,Pass@123,Croci,9037328340,ichacedg@time.com
Rochelle,A,Stoddart,rstoddartan@amazonaws.com,female,rstoddartan,9997898447,23-08-1997,73167,Argentina,Corrientes,02 Maple Wood Point,Pass@123,Welham,9716497794,cfortondh@creativecommons.org
Salomon,D,Jarry,sjarryao@rakuten.co.jp,female,sjarryao,9434901027,06-02-2002,2419,Argentina,Entre Rios,988 Mitchell Trail,Pass@123,Eagar,3513376266,dpursehousedi@parallels.com
Ennis,L,Cumpton,ecumptonap@csmonitor.com,male,ecumptonap,3548456971,26-10-1999,2021,Argentina,Entre Rios,9269 Crest Line Crossing,Pass@123,Bedow,7393205791,jcorreadj@newyorker.com
Brook,L,Casa,bcasaaq@trellian.com,female,bcasaaq,9796401842,20-12-2002,307156,Argentina,Buenos Aires F.D.,3876 West Road,Pass@123,MacConnechie,8129943048,fthackeraydk@opera.com
Care,L,Kirrens,ckirrensar@xinhuanet.com,male,ckirrensar,9809431463,27-07-1997,53120,Argentina,Entre Rios,34 Glendale Junction,Pass@123,Bloomer,5033018563,spersehousedl@tamu.edu
Nicolette,F,Goalley,ngoalleyas@spotify.com,male,ngoalleyas,9379737581,27-08-2004,7390,Argentina,Buenos Aires,70914 Heath Plaza,Pass@123,Leftbridge,9862895846,bfetherstonedm@nyu.edu
Kimmi,S,Oxborrow,koxborrowat@house.gov,female,koxborrowat,2055767690,31-12-1997,73167,Argentina,Buenos Aires F.D.,98 Debra Road,Pass@123,Sumbler,7323482087,rrawsthornedn@latimes.com
Melva,L,MacNeil,mmacneilau@jugem.jp,male,mmacneilau,8054277063,25-08-1997,5100-005,Argentina,Chaco,2 Tennyson Way,Pass@123,Axston,2115362671,ldurkindo@cnet.com
Avie,G,Ollerhead,aollerheadav@yale.edu,male,aollerheadav,7404143126,22-03-1997,7350-005,Argentina,Buenos Aires,83969 Lakewood Place,Pass@123,Bernucci,5555424848,cwyborndp@scientificamerican.com
Fredra,H,Gothup,fgothupaw@answers.com,male,fgothupaw,9744443658,03-10-1997,4216,Argentina,Santa Fe,0 Hovde Court,Pass@123,Scoterbosh,5123847832,mraincindq@nasa.gov
Chrissy,L,Dayly,cdaylyax@huffingtonpost.com,male,cdaylyax,7882906776,21-07-2000,73167,Argentina,Misiones,078 Mayfield Pass,Pass@123,Smaleman,6922889082,obacherdr@wordpress.org
Kristine,L,Pane,kpaneay@wunderground.com,male,kpaneay,4976060758,18-09-1999,46091 CEDEX 9,Argentina,Neuquen,021 Superior Point,Pass@123,Roe,5764497510,marmands@disqus.com
Tate,J,Bohan,tbohanaz@tamu.edu,male,tbohanaz,2744045453,30-08-2000,53120,Argentina,Tucumán,8 Warrior Drive,Pass@123,Willcox,6988550368,ltomasekdt@networksolutions.com
Hetti,K,Abramovicz,habramoviczb0@chicagotribune.com,female,habramoviczb0,8025777197,01-02-1997,7390,Argentina,Rio Negro,5 Nelson Street,Pass@123,Gillyett,6329900535,khupedu@newsvine.com
Hurlee,L,Warcup,hwarcupb1@woothemes.com,male,hwarcupb1,1263730876,09-01-1999,73167,Argentina,San Juan,6546 Darwin Center,Pass@123,Malster,2154488895,dcarnihandv@salon.com
Hannah,M,Stonier,hstonierb2@kickstarter.com,male,hstonierb2,9591224732,28-07-1997,1444,Argentina,Cordoba,2664 Steensland Circle,Pass@123,Frame,7851810000,bboarderdw@discovery.com
Randi,L,Fennessy,rfennessyb3@squarespace.com,male,rfennessyb3,5333774232,11-10-2002,182 34,Argentina,Cordoba,284 Weeping Birch Alley,Pass@123,Stainton,6485204829,imckellardx@google.nl
